{
    "loss": 27.16289520263672,
    "accuracy": 0.5686274766921997
}